"0","require(ATACseqQC)
"
"2","Loading required package: ATACseqQC
"
"2","Loading required package: BiocGenerics
"
"2","Loading required package: parallel
"
"2","
Attaching package: ‘BiocGenerics’

"
"2","The following objects are masked from ‘package:parallel’:

    clusterApply, clusterApplyLB, clusterCall, clusterEvalQ, clusterExport, clusterMap, parApply, parCapply,
    parLapply, parLapplyLB, parRapply, parSapply, parSapplyLB

"
"2","The following objects are masked from ‘package:stats’:

    IQR, mad, sd, var, xtabs

"
"2","The following objects are masked from ‘package:base’:

    anyDuplicated, append, as.data.frame, cbind, colMeans, colnames, colSums, do.call, duplicated, eval, evalq,
    Filter, Find, get, grep, grepl, intersect, is.unsorted, lapply, lengths, Map, mapply, match, mget, order,
    paste, pmax, pmax.int, pmin, pmin.int, Position, rank, rbind, Reduce, rowMeans, rownames, rowSums, sapply,
    setdiff, sort, table, tapply, union, unique, unsplit, which, which.max, which.min

"
"2","Loading required package: S4Vectors
"
"2","Loading required package: stats4
"
"2","
Attaching package: ‘S4Vectors’

"
"2","The following object is masked from ‘package:base’:

    expand.grid

"
"2","
"
